{
  "San Luis Obispo, CA, US": [
    35.2827524,
    -120.6596156
  ],
  "Parlier, CA": [
    36.6116174,
    -119.5270734
  ],
  "Sacramento, CA, US": [
    38.5781342,
    -121.4944209
  ],
  "El Segundo, CA": [
    33.9191799,
    -118.4164652
  ],
  "Santa Rosa, CA": [
    38.440429,
    -122.7140548
  ],
  "California, United States": [
    36.778261,
    -119.4179324
  ],
  "Newark, CA": [
    37.5299765,
    -122.0383968
  ],
  "San Diego, CA, US": [
    32.715738,
    -117.1610838
  ],
  "Van Nuys, CA, US": [
    34.2012166,
    -118.466222
  ],
  "San Mateo, CA, US": [
    37.5629917,
    -122.3255254
  ],
  "Redondo Beach, CA, US": [
    33.8491816,
    -118.3884078
  ],
  "Davis, CA": [
    38.5449065,
    -121.7405167
  ],
  "Oakland, CA, US": [
    37.8043514,
    -122.2711639
  ],
  "Sacramento, CA": [
    38.5781342,
    -121.4944209
  ],
  "La Palma, CA": [
    33.8463218,
    -118.0461393
  ],
  "Simi Valley, CA, US": [
    34.2694474,
    -118.781482
  ],
  "CA, US": [
    36.778261,
    -119.4179324
  ],
  "San Jose, CA": [
    37.33874,
    -121.8852525
  ],
  "Sunnyvale, CA, US": [
    37.36883,
    -122.0363496
  ],
  "South San Francisco, CA": [
    37.654656,
    -122.4077498
  ],
  "Irvine, CA": [
    33.6845673,
    -117.8265049
  ],
  "Los Angeles, CA": [
    34.0549076,
    -118.242643
  ],
  "Mill Valley, CA": [
    37.9060368,
    -122.5449763
  ],
  "Redding, CA, US": [
    40.5865396,
    -122.3916754
  ],
  "San Diego, CA": [
    32.715738,
    -117.1610838
  ],
  "Carlsbad, CA, US": [
    33.1580933,
    -117.3505939
  ],
  "Irvine, CA, US": [
    33.6845673,
    -117.8265049
  ],
  "San Francisco, CA": [
    37.7749295,
    -122.4194155
  ],
  "Los Gatos, CA, US": [
    37.2358078,
    -121.9623751
  ],
  "Santa Clara, CA": [
    37.3541079,
    -121.9552356
  ],
  "Costa Mesa, CA": [
    33.6638439,
    -117.9047429
  ],
  "Lancaster, CA, US": [
    34.703947,
    -118.1481016
  ],
  "Long Beach, CA, US": [
    33.7700504,
    -118.1937395
  ],
  "San Francisco, CA, US": [
    37.7749295,
    -122.4194155
  ],
  "La Habra, CA": [
    33.9318591,
    -117.946137
  ],
  "Roseville, CA": [
    38.7521235,
    -121.2880059
  ],
  "Stanford, CA": [
    37.42410599999999,
    -122.1660756
  ],
  "San Jose, CA, US": [
    37.33874,
    -121.8852525
  ],
  "Moorpark, CA, US": [
    34.285558,
    -118.8820414
  ],
  "Palo Alto, CA": [
    37.4418834,
    -122.1430195
  ],
  "Santa Clara, CA, US": [
    37.3541079,
    -121.9552356
  ],
  "Walnut Creek, CA, US": [
    37.9100783,
    -122.0651819
  ],
  "Oxnard, CA": [
    34.1975048,
    -119.1770516
  ],
  "Hawthorne, CA, US": [
    33.9164032,
    -118.3525748
  ],
  "Mountain View, CA": [
    37.3900264,
    -122.0812304
  ],
  "Riverside, CA, US": [
    33.9806005,
    -117.3754942
  ],
  "Auburn, CA, US": [
    38.8965654,
    -121.0768901
  ],
  "Santa Clarita, CA": [
    34.3916641,
    -118.542586
  ],
  "Newbury Park, CA, US": [
    34.1805403,
    -118.9070887
  ],
  "Cypress, CA": [
    33.8169366,
    -118.0368507
  ],
  "Los Gatos, CA": [
    37.2358078,
    -121.9623751
  ],
  "Menlo Park, CA, US": [
    37.4529598,
    -122.1817252
  ],
  "Los Angeles, CA, US": [
    34.0549076,
    -118.242643
  ],
  "East Palo Alto, CA, US": [
    37.4688273,
    -122.1410751
  ],
  "Redwood City, CA": [
    37.4847955,
    -122.228141
  ],
  "Redwood City, CA, US": [
    37.4847955,
    -122.228141
  ],
  "Redondo Beach, CA": [
    33.8491816,
    -118.3884078
  ],
  "Long Beach, CA": [
    33.7700504,
    -118.1937395
  ],
  "Cupertino, CA": [
    37.3229978,
    -122.0321823
  ],
  "Oakland, CA": [
    37.8043514,
    -122.2711639
  ],
  "Sunnyvale, CA": [
    37.36883,
    -122.0363496
  ],
  "Cupertino, CA, US": [
    37.3229978,
    -122.0321823
  ],
  "Hawthorne, CA": [
    33.9164032,
    -118.3525748
  ],
  "Menlo Park, CA": [
    37.4529598,
    -122.1817252
  ],
  "Livermore, CA": [
    37.6818688,
    -121.7684732
  ],
  "Torrance, CA": [
    33.8358492,
    -118.3406288
  ],
  "Culver City, CA": [
    34.0211224,
    -118.3964665
  ],
  "Vandenberg AFB, CA, US": [
    34.7508627,
    -120.520532
  ],
  "Manhattan Beach, CA": [
    33.8847361,
    -118.4109089
  ],
  "San Mateo, CA": [
    37.5629917,
    -122.3255254
  ],
  "Herlong, CA, US": [
    40.1439386,
    -120.1346535
  ],
  "Twentynine Palms, CA": [
    34.1355582,
    -116.0541689
  ],
  "Palo Alto, CA, US": [
    37.4418834,
    -122.1430195
  ],
  "121 Albright Way Los Gatos, CA 95032, USA": [
    37.2570334,
    -121.9639909
  ],
  "440 Terry Ave N, Seattle, WA, United States, Washington": [
    47.622715,
    -122.336507
  ],
  "1 Rocket Road, Hawthorne, CA 90250": [
    33.9204951,
    -118.3275655
  ],
  "100 rue de Courcelles 75017 Paris, France": [
    48.8796738,
    2.3029319
  ],
  "5615 Chesbro Avenue San Jose, California 95123": [
    37.249316,
    -121.8432405
  ],
  "5929 College Ave, Oakland, CA": [
    37.8475926,
    -122.2522841
  ],
  "1 Tesla Road Austin, TX 78725": [
    30.2280739,
    -97.61647660000001
  ],
  "111 Academy Way Suite 150 Irvine CA 92617": [
    33.648246,
    -117.8547629
  ],
  "3612 Mission Inn Ave. Riverside, CA 92501": [
    33.9822783,
    -117.3728684
  ],
  "13355 Noel Rd Suite 400 Dallas, Texas 75240": [
    32.9298068,
    -96.8185836
  ]
}